0, 7,Archivada
0, 6,Opiniones
0, 18,Particulares
0, 7,Particulares
0, 18,No respondibles
0, 14,No respondibles
0, 12,Archivada
0, 16,No respondibles
0, 14,Opiniones
0, 9,Web y Archivada
0, 18,Particulares
0, 15,No respondibles
0, 14,Opiniones
0, 11,Archivada
0, 15,Particulares
1,3,Particulares
0, 4,Archivada
0, 13,Particulares
0, 21,Otros
1,3,Particulares
0, 8,Opiniones
1,4,Particulares
0, 5,Particulares
0, 6,Particulares
0, 9,Particulares
0, 11,Archivada
0, 10,Opiniones
1,9,Opiniones
0, 21,Complejas
0, 8,Opiniones
1,10,Archivada
0, 4,Particulares
0, 24,Particulares
0, 14,Particulares
0, 5,Particulares
0, 8,Complejas
0, 10,No respondibles
0, 10,Opiniones
0, 11,Archivada
0, 17,Complejas
0, 9,No respondibles
0, 5,Opiniones
0, 14,Particulares
0, 17,Opiniones
0, 13,Opiniones
0, 25,Complejas
0, 23,No respondibles
0, 5,Archivada
0, 5,Opiniones
0, 12,Particulares
0, 8,Particulares
0, 10,Opiniones
0, 8,Particulares
0, 11,Particulares
0, 24,Archivada
1,3,Archivada
0, 13,Particulares
0, 14,Complejas
0, 7,Archivada
0, 6,Archivada
0, 7,Opiniones
0, 22,Opiniones
0, 14,Opiniones
1,2,Archivada
0, 9,Opiniones
0, 16,Complejas
1,7,Opiniones
0, 12,Opiniones
1,5,Opiniones
1,2,Archivada
0, 16,Archivada
0, 20,Archivada
0, 9,Opiniones
0, 14,Complejas
0, 7,Archivada
0, 12,Opiniones
0, 4,Particulares
0, 6,Archivada
0, 10,Particulares
0, 27,Archivada
0, 13,Particulares
0, 11,Particulares
1,5,Particulares
0, 24,Opiniones
0, 22,Complejas
0, 8,Opiniones
0, 23,No respondibles
0, 3,Particulares
0, 8,No respondibles
0, 21,Opiniones
0, 26,Archivada
0, 9,Particulares
1,4,Particulares
0, 9,Archivada
1,3,Archivada
0, 4,Archivada
0, 12,Complejas
1,7,Archivada
0, 7,Archivada
0, 5,Archivada
0, 17,Opiniones
0, 6,Archivada
0, 12,Opiniones
0, 16,Complejas
0, 6,Particulares
0, 22,Opiniones
0, 3,Particulares
0, 7,Particulares
0, 7,Particulares
0, 13,Opiniones
0, 6,Opiniones
0, 14,Archivada
0, 7,Archivada
0, 18,Archivada
0, 7,Particulares
0, 12,Particulares
0, 24,Complejas
0, 17,Particulares
0, 25,Opiniones
0, 9,Particulares
0, 10,Opiniones
0, 7,Particulares
1,9,Particulares
0, 4,Archivada
0, 7,Particulares
0, 6,Archivada
0, 7,Archivada
0, 9,Archivada
0, 3,Particulares
0, 6,Archivada
0, 5,Archivada
0, 10,Archivada
0, 28,Opiniones
0, 7,Particulares
0, 8,Particulares
0, 6,Particulares
0, 15,Archivada
0, 12,Particulares
0, 10,Particulares
0, 3,Particulares
0, 12,Particulares
0, 4,Archivada
1,3,Particulares
0, 10,Particulares
0, 8,Opiniones
0, 10,Opiniones
0, 9,Particulares
1,2,Opiniones
1,4,Archivada
0, 11,Particulares
0, 17,Particulares
0, 7,Archivada
0, 6,Particulares
0, 7,Particulares
1,6,Opiniones
0, 7,Particulares
0, 18,Archivada
0, 4,Particulares
0, 12,Archivada
0, 8,Opiniones
0, 8,Opiniones
0, 11,Opiniones
0, 6,Particulares
0, 12,Archivada
0, 15,Archivada
0, 12,Archivada
0, 11,Particulares
1,5,Archivada
0, 10,Opiniones
0, 4,Particulares
0, 6,Particulares
0, 4,Archivada
0, 17,Opiniones
1,21,Archivada
0, 10,Opiniones
0, 5,Archivada
0, 15,Archivada
0, 11,Opiniones
0, 15,Particulares
0, 11,Opiniones
0, 9,Particulares
0, 18,Particulares
0, 18,Particulares
0, 11,Opiniones
1,7,Particulares
0, 12,Particulares
0, 14,Particulares
0, 29,No respondibles
0, 10,No respondibles
0, 10,Opiniones
0, 6,Particulares
1,5,Particulares
0, 13,Particulares
0, 16,Particulares
0, 8,No respondibles
0, 8,No respondibles
0, 14,Archivada
0, 5,Opiniones
0, 24,Opiniones
0, 2,Complejas
0, 5,Particulares
0, 10,Opiniones
1,9,Particulares
0, 12,Particulares
0, 10,No respondibles
1,4,Opiniones
0, 9,No respondibles
0, 20,Opiniones
1,4,Opiniones
0, 19,Opiniones
0, 9,Opiniones
0, 6,Particulares
0, 6,Particulares
0, 20,Particulares
0, 15,Particulares
0, 10,Particulares
0, 12,Particulares
0, 4,Archivada
0, 9,No respondibles
0, 11,Opiniones
1,16,Complejas
0, 10,Opiniones
0, 21,Opiniones
0, 7,Opiniones
0, 24,Opiniones
0, 13,Particulares
0, 8,Opiniones
0, 15,Opiniones
0, 12,No respondibles
0, 13,No respondibles
0, 7,Complejas
0, 13,Opiniones
0, 5,Opiniones
0, 7,Archivada
0, 6,Opiniones
0, 23,Opiniones
0, 12,Opiniones
0, 12,Opiniones
0, 11,Complejas
0, 7,No respondibles
0, 9,Opiniones
0, 17,Opiniones
0, 18,Archivada
0, 11,Archivada
0, 23,Opiniones
0, 8,No respondibles
1,4,Opiniones
0, 7,Particulares
0, 10,Opiniones
0, 15,Particulares
0, 12,Opiniones
0, 19,Opiniones
0, 12,Opiniones
0, 23,Opiniones
0, 9,Archivada
0, 11,Opiniones
0, 21,Opiniones
0, 21,Opiniones
0, 19,Complejas
0, 7,Particulares
0, 10,Particulares
0, 9,Opiniones
0, 8,Particulares
1,10,Archivada
0, 8,No respondibles
0, 16,Archivada
0, 12,Particulares
0, 8,Opiniones
0, 7,Particulares
0, 6,Archivada
0, 15,Particulares
0, 9,Particulares
1,2,Opiniones
0, 19,Opiniones
0, 4,Particulares
0, 2,Web y Archivada
0, 8,Opiniones
0, 20,No respondibles
0, 27,Opiniones
0, 3,Opiniones
0, 13,No respondibles
0, 8,Opiniones
0, 7,Particulares
0, 14,Particulares
0, 18,Archivada
0, 5,Opiniones
0, 12,Particulares
0, 11,Particulares
0, 11,Complejas
0, 7,Opiniones
0, 8,Archivada
0, 7,Opiniones
0, 3,Particulares
0, 12,Opiniones
0, 24,Particulares
0, 5,Opiniones
0, 22,Opiniones
0, 8,Archivada
1,2,Archivada
0, 17,Opiniones
0, 10,Particulares
0, 18,Opiniones
0, 21,Opiniones
0, 4,Archivada
0, 9,Particulares
0, 8,Opiniones
0, 15,Complejas
0, 4,Particulares
0, 14,Particulares
1,7,Opiniones
0, 15,Particulares
0, 9,Opiniones
0, 13,Particulares
0, 21,Particulares
0, 12,Opiniones
0, 6,Opiniones
0, 5,Particulares
0, 5,No respondibles
0, 16,Opiniones
0, 11,Particulares
0, 2,Particulares
0, 3,Archivada
0, 5,Opiniones
0, 10,Opiniones
0, 11,Particulares
0, 9,Opiniones
0, 26,Complejas
0, 31,Opiniones
1,3,Opiniones
0, 12,Opiniones
0, 4,Opiniones
0, 14,Opiniones
0, 13,Opiniones
0, 15,Particulares
0, 7,Opiniones
1,6,No respondibles
0, 12,Particulares
0, 9,Archivada
0, 2,Opiniones
0, 25,Particulares
0, 9,Opiniones
0, 7,Opiniones
0, 9,Opiniones
0, 15,Opiniones
0, 22,Opiniones
0, 7,Particulares
0, 23,Opiniones
1,4,Particulares
0, 22,Particulares
0, 21,Archivada
1,7,Particulares
0, 18,Opiniones
0, 8,Particulares
0, 28,Particulares
0, 7,Opiniones
1,11,Opiniones
0, 3,Opiniones
0, 9,Opiniones
0, 24,Opiniones
0, 9,Particulares
1,17,Archivada
2,2,Particulares
0, 10,Opiniones
0, 9,Opiniones
0, 7,Particulares
0, 27,Opiniones
0, 11,Opiniones
0, 6,Opiniones
0, 11,Particulares
0, 11,Opiniones
0, 14,No respondibles
0, 10,Particulares
0, 15,Opiniones
0, 4,Archivada
0, 12,Opiniones
0, 2,Particulares
1,9,Opiniones
0, 5,Archivada
0, 12,Archivada
0, 7,Particulares
0, 19,Opiniones
0, 16,Particulares
1,7,Opiniones
0, 13,Archivada
