1,8,Opiniones
1,7,Opiniones
1,6,Archivadas y Web
1,6,Archivadas y Web
5,7,Opiniones
2,13,Web
0, 10,Archivada
1,7,Particulares
1,9,Opiniones
1,8,Opiniones
1,17,Complejas
1,5,Archivada
1,9,Particulares
0, 12,Opiniones
0, 7,Opiniones
1,6,Archivadas y Web
2,18,Opiniones
1,12,Complejas
1,6,Archivadas y Web
1,7,Complejas
6,12,Web
4,9,No respondibles
1,2,Web
1,7,Archivadas y Web
1,6,Archivada
0, 5,Particulares
1,7,Complejas
0, 9,Archivadas y Web
2,7,Opiniones
1,5,Archivadas y Web
0, 27,Archivada
0, 24,Complejas
1,7,Particulares
1,6,Opiniones
0, 7,Web
0, 2,Otros
0, 8,Complejas
0, 16,Particulares
0, 9,Opiniones
1,6,Opiniones
0, 7,Archivadas y Web
0, 21,Opiniones
0, 11,Complejas
2,6,No respondibles
1,7,Complejas
0, 23,Opiniones
0, 27,No respondibles
3,16,No respondibles
2,8,Complejas
0, 8,Complejas
0, 8,No respondibles
1,4,Archivada
1,15,Opiniones
1,9,No respondibles
0, 12,Complejas
2,9,Opiniones
1,9,Particulares
1,6,Opiniones
1,7,Particulares
0, 8,Opiniones
0, 9,Complejas
1,5,Complejas
1,13,No respondibles
0, 11,No respondibles
1,17,Complejas
0, 15,Archivadas y Web
0, 4,No respondibles
1,18,Opiniones
0, 18,Complejas
1,3,Complejas
0, 7,Opiniones
1,10,No respondibles
2,6,Complejas
1,9,Particulares
0, 10,Particulares
1,7,Complejas
1,8,Complejas
0, 10,Particulares
1,11,No respondibles
1,11,No respondibles
1,8,Particulares
1,6,No respondibles
2,6,Opiniones
9,16,Opiniones
0, 6,Web
4,16,No respondibles
1,11,Web
1,10,No respondibles
2,11,Archivada
1,6,Archivadas y Web
0, 11,Particulares
1,5,Archivadas y Web
1,7,Complejas
0, 23,Particulares
1,6,No respondibles
3,15,Opiniones
1,3,Opiniones
1,4,No respondibles
1,3,Opiniones
0, 6,Particulares
1,19,Complejas
1,11,Particulares
1,5,Complejas
0, 4,Complejas
2,9,Opiniones
2,5,No respondibles
0, 20,Opiniones
0, 11,Opiniones
1,6,Web
0, 13,Opiniones
1,8,No respondibles
0, 27,Opiniones
0, 7,Complejas
0, 11,Complejas
0, 18,Particulares
1,3,Opiniones
2,17,Archivadas y Web
1,12,No respondibles
0, 7,Opiniones
2,14,Web
0, 17,Opiniones
5,5,Opiniones
0, 5,Opiniones
1,13,Archivadas y Web
1,8,Particulares
1,9,Complejas
0, 11,Opiniones
2,7,Archivadas y Web
0, 11,Complejas
1,9,Archivada
2,6,Web
2,9,Opiniones
1,2,Particulares
2,13,Complejas
5,4,No respondibles
1,4,Opiniones
1,7,Opiniones
1,8,Archivadas y Web
0, 12,Complejas
1,3,Opiniones
1,2,Particulares
0, 12,Particulares
1,4,Particulares
1,8,Particulares
0, 16,Complejas
4,8,No respondibles
1,5,No respondibles
1,10,Particulares
1,3,Opiniones
2,10,Opiniones
1,7,Opiniones
1,15,Complejas
0, 12,Particulares
1,14,Particulares
1,9,Opiniones
9,16,Particulares
0, 12,Opiniones
1,7,Opiniones
0, 17,Particulares
4,8,Archivadas y Web
8,3,No respondibles
0, 21,Opiniones
1,6,Complejas
1,23,Opiniones
0, 14,Opiniones
1,7,Opiniones
0, 13,Opiniones
1,8,Opiniones
1,11,Archivada
1,21,Opiniones
6,8,Opiniones
0, 10,Particulares
0, 16,Opiniones
1,8,Opiniones
0, 8,Archivada
0, 5,Complejas
1,17,Opiniones
1,4,Opiniones
0, 6,Complejas
1,12,No respondibles
1,16,No respondibles
1,10,Archivadas y Web
1,3,Opiniones
1,17,Archivadas y Web
1,8,Opiniones
6,4,No respondibles
1,5,Opiniones
0, 17,Archivadas y Web
1,6,Archivadas y Web
0, 7,Web
1,13,Opiniones
6,12,Particulares
1,7,Particulares
1,12,Complejas
1,15,Opiniones
0, 16,Opiniones
1,10,No respondibles
0, 17,Opiniones
1,7,Archivadas y Web
1,13,Opiniones
6,5,No respondibles
0, 17,Particulares
2,14,Complejas
0, 17,Particulares
1,14,Opiniones
0, 13,No respondibles
1,12,Opiniones
0, 4,No respondibles
1,7,Complejas
1,3,Opiniones
5,25,Opiniones
0, 9,No respondibles
0, 25,Particulares
1,11,Complejas
0, 28,Opiniones
1,8,Opiniones
1,10,Particulares
0, 11,Opiniones
1,13,Opiniones
1,9,Opiniones
1,12,Opiniones
1,7,Web
0, 15,Particulares
1,10,Complejas
0, 11,Opiniones
1,13,Opiniones
0, 31,Particulares
1,14,Opiniones
0, 1,Opiniones
0, 9,Web
1,7,Opiniones
1,10,Complejas
1,11,Opiniones
1,14,Opiniones
9,6,Particulares
2,9,Complejas
1,12,Opiniones
0, 17,Complejas
0, 16,Particulares
0, 10,Opiniones
1,15,Opiniones
0, 9,Archivadas y Web
0, 16,Opiniones
1,14,Particulares
1,11,Web
1,3,Opiniones
0, 8,Opiniones
1,11,Opiniones
1,3,No respondibles
1,15,Opiniones
1,8,Opiniones
2,10,Web
0, 22,Complejas
1,3,Opiniones
1,6,Opiniones
1,26,Opiniones
0, 8,Particulares
1,11,Opiniones
1,9,Opiniones
1,12,No respondibles
1,4,Opiniones
0, 21,No respondibles
4,7,Particulares
1,5,Opiniones
0, 13,No respondibles
1,7,Opiniones
1,4,Archivadas y Web
1,12,Opiniones
1,8,Particulares
0, 25,Complejas
2,11,No respondibles
1,3,Opiniones
0, 9,Archivadas y Web
1,11,Particulares
1,10,Opiniones
1,7,Opiniones
0, 25,Complejas
1,16,Opiniones
0, 7,Archivadas y Web
1,9,Archivadas y Web
1,11,Opiniones
0, 16,Complejas
1,11,Particulares
1,15,No respondibles
0, 18,Complejas
0, 14,Opiniones
1,3,Opiniones
1,9,Opiniones
1,11,Archivadas y Web
1,4,Opiniones
0, 13,Opiniones
1,4,Particulares
1,2,Opiniones
1,5,No respondibles
1,5,Particulares
0, 8,Archivadas y Web
1,4,Particulares
0, 5,Opiniones
1,6,No respondibles
1,6,Particulares
2,18,No respondibles
1,3,Opiniones
0, 17,Opiniones
2,7,Particulares
1,12,Opiniones
1,5,Particulares
1,7,Particulares
2,4,Opiniones
1,17,Opiniones
1,20,Opiniones
0, 21,Complejas
1,3,Archivadas y Web
7,6,Particulares
1,9,Opiniones
0, 11,Archivadas y Web
1,4,Opiniones
0, 16,Opiniones
1,8,Opiniones
1,5,Opiniones
1,7,Opiniones
1,5,Opiniones
3,12,Opiniones
1,11,Opiniones
1,8,Archivada
1,6,Archivadas y Web
1,18,Opiniones
0, 7,No respondibles
1,9,Opiniones
0, 6,No respondibles
0, 4,Complejas
1,9,No respondibles
1,6,Opiniones
1,13,Opiniones
0, 21,Particulares
2,6,Archivadas y Web
0, 27,Complejas
1,9,Opiniones
0, 22,No respondibles
1,23,Complejas
1,23,Complejas
1,17,Opiniones
4,6,Opiniones
2,12,Particulares
0, 5,Opiniones
1,12,Web
3,21,Opiniones
2,7,Opiniones
1,24,Opiniones
1,11,Opiniones
1,17,Opiniones
1,11,Opiniones
1,12,Particulares
2,16,Opiniones
0, 27,Opiniones
2,20,Particulares
4,10,Opiniones
1,9,Opiniones
1,15,Opiniones
1,7,Opiniones
0, 2,Opiniones
0, 13,Opiniones
1,9,Opiniones
1,8,Particulares
1,8,Opiniones
1,10,Opiniones
0, 11,Archivadas y Web
1,16,Opiniones
1,19,Complejas
1,8,Opiniones
1,22,Complejas
1,7,Opiniones
1,7,Archivadas y Web
9,14,Opiniones
1,16,Particulares
0, 29,Opiniones
1,7,Opiniones
0, 10,Complejas
1,5,Opiniones
1,6,Opiniones
2,8,Opiniones
0, 9,Particulares
1,11,Opiniones
0, 7,Opiniones
0, 5,No respondibles
1,13,Opiniones
1,15,Opiniones
1,13,Opiniones
1,8,Opiniones
1,8,Opiniones
1,4,Opiniones
1,11,Opiniones
1,2,Opiniones
0, 11,Opiniones
1,14,Particulares
1,8,Complejas
1,15,Particulares
0, 11,Particulares
0, 11,Opiniones
0, 12,Archivadas y Web
0, 16,Complejas
1,4,Opiniones
1,5,Opiniones
1,7,Opiniones
2,20,Particulares
1,23,Opiniones
4,10,Opiniones
0, 24,Opiniones
1,12,Opiniones
0, 8,Opiniones
1,3,Opiniones
1,5,Complejas
1,13,Opiniones
0, 4,Opiniones
7,8,Opiniones
0, 9,Particulares
