0, 8,Opiniones
0, 7,Opiniones
1,6,Archivadas y Web
0, 6,Archivadas y Web
0, 7,Opiniones
0, 13,Web
0, 10,Archivada
1,7,Particulares
0, 9,Opiniones
1,8,Opiniones
0, 17,Complejas
0, 5,Archivada
1,9,Particulares
0, 12,Opiniones
0, 7,Opiniones
0, 6,Archivadas y Web
0, 18,Opiniones
0, 12,Complejas
0, 6,Archivadas y Web
0, 7,Complejas
0, 12,Web
0, 9,No respondibles
1,2,Web
0, 7,Archivadas y Web
0, 6,Archivada
0, 5,Particulares
0, 7,Complejas
0, 9,Archivadas y Web
0, 7,Opiniones
1,5,Archivadas y Web
0, 27,Archivada
0, 24,Complejas
0, 7,Particulares
0, 6,Opiniones
0, 7,Web
0, 2,Otros
0, 8,Complejas
0, 16,Particulares
0, 9,Opiniones
0, 6,Opiniones
0, 7,Archivadas y Web
0, 21,Opiniones
0, 11,Complejas
2,6,No respondibles
1,7,Complejas
0, 23,Opiniones
0, 27,No respondibles
0, 16,No respondibles
0, 8,Complejas
0, 8,Complejas
0, 8,No respondibles
1,4,Archivada
0, 15,Opiniones
0, 9,No respondibles
0, 12,Complejas
0, 9,Opiniones
0, 9,Particulares
0, 6,Opiniones
0, 7,Particulares
0, 8,Opiniones
0, 9,Complejas
1,5,Complejas
0, 13,No respondibles
0, 11,No respondibles
0, 17,Complejas
0, 15,Archivadas y Web
0, 4,No respondibles
0, 18,Opiniones
0, 18,Complejas
0, 3,Complejas
0, 7,Opiniones
0, 10,No respondibles
0, 6,Complejas
0, 9,Particulares
0, 10,Particulares
0, 7,Complejas
0, 8,Complejas
0, 10,Particulares
0, 11,No respondibles
0, 11,No respondibles
0, 8,Particulares
0, 6,No respondibles
0, 6,Opiniones
0, 16,Opiniones
0, 6,Web
0, 16,No respondibles
0, 11,Web
1,10,No respondibles
0, 11,Archivada
0, 6,Archivadas y Web
0, 11,Particulares
0, 5,Archivadas y Web
0, 7,Complejas
0, 23,Particulares
0, 6,No respondibles
0, 15,Opiniones
1,3,Opiniones
1,4,No respondibles
0, 3,Opiniones
0, 6,Particulares
0, 19,Complejas
0, 11,Particulares
1,5,Complejas
0, 4,Complejas
0, 9,Opiniones
0, 5,No respondibles
0, 20,Opiniones
0, 11,Opiniones
0, 6,Web
0, 13,Opiniones
0, 8,No respondibles
0, 27,Opiniones
0, 7,Complejas
0, 11,Complejas
0, 18,Particulares
1,3,Opiniones
0, 17,Archivadas y Web
0, 12,No respondibles
0, 7,Opiniones
0, 14,Web
0, 17,Opiniones
0, 5,Opiniones
0, 5,Opiniones
1,13,Archivadas y Web
0, 8,Particulares
0, 9,Complejas
0, 11,Opiniones
0, 7,Archivadas y Web
0, 11,Complejas
0, 9,Archivada
0, 6,Web
0, 9,Opiniones
1,2,Particulares
0, 13,Complejas
0, 4,No respondibles
0, 4,Opiniones
0, 7,Opiniones
0, 8,Archivadas y Web
0, 12,Complejas
0, 3,Opiniones
0, 2,Particulares
0, 12,Particulares
0, 4,Particulares
0, 8,Particulares
0, 16,Complejas
0, 8,No respondibles
0, 5,No respondibles
0, 10,Particulares
0, 3,Opiniones
0, 10,Opiniones
0, 7,Opiniones
0, 15,Complejas
0, 12,Particulares
0, 14,Particulares
0, 9,Opiniones
0, 16,Particulares
0, 12,Opiniones
0, 7,Opiniones
0, 17,Particulares
0, 8,Archivadas y Web
0, 3,No respondibles
0, 21,Opiniones
0, 6,Complejas
0, 23,Opiniones
0, 14,Opiniones
0, 7,Opiniones
0, 13,Opiniones
0, 8,Opiniones
0, 11,Archivada
0, 21,Opiniones
0, 8,Opiniones
0, 10,Particulares
0, 16,Opiniones
0, 8,Opiniones
0, 8,Archivada
0, 5,Complejas
0, 17,Opiniones
0, 4,Opiniones
0, 6,Complejas
0, 12,No respondibles
0, 16,No respondibles
0, 10,Archivadas y Web
0, 3,Opiniones
0, 17,Archivadas y Web
0, 8,Opiniones
0, 4,No respondibles
1,5,Opiniones
0, 17,Archivadas y Web
0, 6,Archivadas y Web
0, 7,Web
0, 13,Opiniones
0, 12,Particulares
0, 7,Particulares
0, 12,Complejas
0, 15,Opiniones
0, 16,Opiniones
0, 10,No respondibles
0, 17,Opiniones
0, 7,Archivadas y Web
0, 13,Opiniones
0, 5,No respondibles
0, 17,Particulares
0, 14,Complejas
0, 17,Particulares
0, 14,Opiniones
0, 13,No respondibles
0, 12,Opiniones
0, 4,No respondibles
0, 7,Complejas
0, 3,Opiniones
0, 25,Opiniones
0, 9,No respondibles
0, 25,Particulares
0, 11,Complejas
0, 28,Opiniones
0, 8,Opiniones
0, 10,Particulares
0, 11,Opiniones
0, 13,Opiniones
0, 9,Opiniones
0, 12,Opiniones
1,7,Web
0, 15,Particulares
0, 10,Complejas
0, 11,Opiniones
0, 13,Opiniones
0, 31,Particulares
0, 14,Opiniones
0, 1,Opiniones
0, 9,Web
0, 7,Opiniones
0, 10,Complejas
0, 11,Opiniones
0, 14,Opiniones
0, 6,Particulares
0, 9,Complejas
0, 12,Opiniones
0, 17,Complejas
0, 16,Particulares
0, 10,Opiniones
0, 15,Opiniones
0, 9,Archivadas y Web
0, 16,Opiniones
0, 14,Particulares
0, 11,Web
0, 3,Opiniones
0, 8,Opiniones
0, 11,Opiniones
1,3,No respondibles
0, 15,Opiniones
0, 8,Opiniones
0, 10,Web
0, 22,Complejas
0, 3,Opiniones
1,6,Opiniones
0, 26,Opiniones
0, 8,Particulares
0, 11,Opiniones
0, 9,Opiniones
0, 12,No respondibles
0, 4,Opiniones
0, 21,No respondibles
0, 7,Particulares
0, 5,Opiniones
0, 13,No respondibles
0, 7,Opiniones
1,4,Archivadas y Web
0, 12,Opiniones
1,8,Particulares
0, 25,Complejas
0, 11,No respondibles
1,3,Opiniones
0, 9,Archivadas y Web
0, 11,Particulares
0, 10,Opiniones
0, 7,Opiniones
0, 25,Complejas
0, 16,Opiniones
0, 7,Archivadas y Web
0, 9,Archivadas y Web
0, 11,Opiniones
0, 16,Complejas
0, 11,Particulares
0, 15,No respondibles
0, 18,Complejas
0, 14,Opiniones
1,3,Opiniones
0, 9,Opiniones
0, 11,Archivadas y Web
0, 4,Opiniones
0, 13,Opiniones
0, 4,Particulares
1,2,Opiniones
0, 5,No respondibles
1,5,Particulares
0, 8,Archivadas y Web
1,4,Particulares
0, 5,Opiniones
0, 6,No respondibles
1,6,Particulares
0, 18,No respondibles
0, 3,Opiniones
0, 17,Opiniones
0, 7,Particulares
0, 12,Opiniones
0, 5,Particulares
0, 7,Particulares
0, 4,Opiniones
0, 17,Opiniones
0, 20,Opiniones
0, 21,Complejas
1,3,Archivadas y Web
0, 6,Particulares
0, 9,Opiniones
0, 11,Archivadas y Web
1,4,Opiniones
0, 16,Opiniones
0, 8,Opiniones
0, 5,Opiniones
1,7,Opiniones
0, 5,Opiniones
0, 12,Opiniones
0, 11,Opiniones
0, 8,Archivada
0, 6,Archivadas y Web
0, 18,Opiniones
0, 7,No respondibles
0, 9,Opiniones
0, 6,No respondibles
0, 4,Complejas
0, 9,No respondibles
1,6,Opiniones
0, 13,Opiniones
0, 21,Particulares
0, 6,Archivadas y Web
0, 27,Complejas
0, 9,Opiniones
0, 22,No respondibles
0, 23,Complejas
0, 23,Complejas
0, 17,Opiniones
0, 6,Opiniones
0, 12,Particulares
0, 5,Opiniones
1,12,Web
0, 21,Opiniones
0, 7,Opiniones
0, 24,Opiniones
1,11,Opiniones
0, 17,Opiniones
0, 11,Opiniones
0, 12,Particulares
0, 16,Opiniones
0, 27,Opiniones
0, 20,Particulares
0, 10,Opiniones
0, 9,Opiniones
0, 15,Opiniones
0, 7,Opiniones
0, 2,Opiniones
0, 13,Opiniones
0, 9,Opiniones
0, 8,Particulares
1,8,Opiniones
0, 10,Opiniones
0, 11,Archivadas y Web
0, 16,Opiniones
0, 19,Complejas
0, 8,Opiniones
0, 22,Complejas
0, 7,Opiniones
0, 7,Archivadas y Web
0, 14,Opiniones
0, 16,Particulares
0, 29,Opiniones
0, 7,Opiniones
0, 10,Complejas
0, 5,Opiniones
0, 6,Opiniones
0, 8,Opiniones
0, 9,Particulares
0, 11,Opiniones
0, 7,Opiniones
0, 5,No respondibles
0, 13,Opiniones
0, 15,Opiniones
1,13,Opiniones
1,8,Opiniones
1,8,Opiniones
1,4,Opiniones
0, 11,Opiniones
0, 2,Opiniones
0, 11,Opiniones
0, 14,Particulares
0, 8,Complejas
0, 15,Particulares
0, 11,Particulares
0, 11,Opiniones
0, 12,Archivadas y Web
0, 16,Complejas
0, 4,Opiniones
1,5,Opiniones
0, 7,Opiniones
0, 20,Particulares
0, 23,Opiniones
0, 10,Opiniones
0, 24,Opiniones
0, 12,Opiniones
0, 8,Opiniones
0, 3,Opiniones
1,5,Complejas
0, 13,Opiniones
0, 4,Opiniones
0, 8,Opiniones
0, 9,Particulares
